[
  {
    "code": "R4121-1",
    "topic": "DUERP—Obligation d’évaluer les risques"
  },
  {
    "code": "R4121-2",
    "topic": "DUERP—Mises à jour"
  },
  {
    "code": "L4141-2",
    "topic": "Formation sécurité"
  },
  {
    "code": "R4227-39",
    "topic": "Incendie—Exercices"
  },
  {
    "code": "ATEX-1999/92/CE",
    "topic": "Atmosphères explosives"
  },
  {
    "code": "R4224-17",
    "topic": "Vérifications périodiques"
  },
  {
    "code": "L3122-5",
    "topic": "Travail de nuit"
  },
  {
    "code": "CLP/REACH",
    "topic": "Substances chimiques"
  },
  {
    "code": "Paquet Hygiène",
    "topic": "PMS / HACCP"
  }
]